epoch,train_loss,train_acc,train_f1,val_loss,val_acc,val_f1
1,1.2106750320149429,0.527077376310545,0.4807795445044039,1.044889523089279,0.5912922002328289,0.5031533136396487
2,1.0729450858438447,0.5742714380614042,0.5328925761840213,0.96766454864714,0.6338998835855646,0.5581649852810593
3,1.0204079180660643,0.5923663460705312,0.5584985411860949,0.9439329057147811,0.6318044237485448,0.5577794624287656
4,0.9858240231557855,0.6000924241111399,0.5680374426329334,0.9690052795212399,0.6178812572759023,0.5414304631932298
5,0.96448729805216,0.610461254079658,0.5811399604998223,0.9819960682872982,0.6168102444703143,0.5530655891418662
6,0.9440106985143644,0.6145770152788609,0.5873805700603619,0.9355480579946871,0.6365075669383004,0.5698043258306623
7,0.9265159458895509,0.6207867602460792,0.5950360828878203,0.9190360323767307,0.6413969732246798,0.5665415671862509
8,0.9116149853059697,0.6255523784767352,0.6025661572162581,0.9420416145982509,0.6322700814901048,0.566384990296639
9,0.8945601781450324,0.6323686566733097,0.6098781483214787,0.9474432170193325,0.6257974388824215,0.5513564067369463
